{
  "best_params": {
    "colsample_bytree": 0.8446612641953124,
    "learning_rate": 0.012049228513718048,
    "max_depth": 3,
    "n_estimators": 148,
    "subsample": 0.8099098641033556
  },
  "best_cv_score": 0.8383139534883721,
  "scoring": "roc_auc"
}