{
  "best_params": {
    "colsample_bytree": 0.7077649335194086,
    "learning_rate": 0.0807964014518545,
    "max_depth": 5,
    "n_estimators": 473,
    "subsample": 0.687505687829228
  },
  "best_cv_score": 0.9951496388028896,
  "scoring": "roc_auc"
}