{
  "best_params": {
    "colsample_bytree": 0.6036788206466518,
    "learning_rate": 0.03942674743114931,
    "max_depth": 5,
    "n_estimators": 252,
    "subsample": 0.6020246335384875
  },
  "best_cv_score": 0.8740196629627522,
  "scoring": "roc_auc"
}